variable,count,missing,missing_pct,mean,std,min,p25,median,p75,max
temperature_mean_c,149,1,0.67,24.5747,3.0992,17.23,22.48,25.35,26.75,31.87
temperature_max_c,149,1,0.67,30.157,3.6473,21.28,28.54,30.59,32.63,39.21
temperature_min_c,149,1,0.67,19.7089,3.0306,12.5,17.35,20.58,21.92,24.74
humidity_mean_pct,149,1,0.67,59.0712,12.063,29.51,49.97,60.59,69.22,83.5
wind_speed_mean_ms,149,1,0.67,1.176,0.6036,0.349,0.726,0.959,1.46,3.37
solar_radiation_raw,149,1,0.67,25.0417,4.5885,10.509,22.34,25.26,29.02,31.48
precipitation_mm,149,1,0.67,0.0597,0.5191,0.0,0.0,0.0,0.0,5.6
et0_pm_mm,148,2,1.33,5.1473,1.029,2.2021,4.4818,5.1561,5.8856,7.8602
crop_coefficient_kc,150,0,0.0,0.678,0.2575,0.3,0.5,0.7,0.9,1.0
crop_evapotranspiration_etc_mm,148,2,1.33,3.6011,1.6499,0.89,2.3175,3.94,4.9975,7.07
effective_precipitation_mm,148,2,1.33,0.017,0.1928,0.0,0.0,0.0,0.0,2.34
target_net_irrigation_need_mm,148,2,1.33,3.5882,1.6712,0.0,2.3175,3.94,4.9975,7.07
temperature_range_c,149,1,0.67,10.4481,2.7866,4.5,8.45,10.19,11.92,24.79
vapor_pressure_deficit_kpa,149,1,0.67,1.3148,0.5439,0.3244,0.9322,1.2631,1.6033,3.3271
