station_code,crop,observed_date,quality_status,temperature_mean_c,humidity_mean_pct,solar_radiation_raw,precipitation_mm,et0_pm_mm,crop_coefficient_kc,crop_evapotranspiration_etc_mm,effective_precipitation_mm,target_net_irrigation_need_mm,vapor_pressure_deficit_kpa,et0_pm_mm_lag_1d,precipitation_mm_sum_7d,net_irrigation_need_mm_lag_1d
AL01,Pimiento,2025-05-01,PASS,19.62,75.6,26.33,0.0,4.720837,0.5,2.36,0.0,2.36,0.5572569910355855,,,
AL01,Pimiento,2025-05-02,PASS,21.47,59.55,26.24,0.0,5.566385,0.5,2.78,0.0,2.78,1.0354052002712024,4.720837,0.0,2.36
AL01,Pimiento,2025-05-03,PASS,19.93,58.28,26.48,0.2,5.269444,0.5,2.63,0.0,2.63,0.9713117773954654,5.566385,0.0,2.78
AL01,Pimiento,2025-05-04,PASS,18.17,70.1,28.12,0.0,4.91861,0.5,2.46,0.0,2.46,0.6237602526107463,5.269444,0.2,2.63
AL01,Pimiento,2025-05-05,PASS,18.03,72.0,28.14,0.0,4.84053,0.5,2.42,0.0,2.42,0.5790079993350066,4.91861,0.2,2.46
AL01,Pimiento,2025-07-21,WARN,,,,,,0.9,,,,,,0.0,
AL01,Pimiento,2025-07-22,WARN,26.34,64.37,24.4,0.0,,0.9,,,,1.2219646644380258,,0.0,
AL01,Pimiento,2025-09-26,PASS,21.46,61.28,18.45,0.0,3.2325,0.3,0.97,0.0,0.97,0.990515690458479,3.255507,0.0,0.98
AL01,Pimiento,2025-09-27,PASS,20.97,62.45,19.04,0.0,3.370433,0.3,1.01,0.0,1.01,0.9321510372816065,3.2325,0.0,0.97
AL01,Pimiento,2025-09-28,PASS,21.32,71.1,18.91,0.0,3.932575,0.3,1.18,0.0,1.18,0.7329940068544364,3.370433,0.0,1.01
AL01,Pimiento,2025-09-29,PASS,19.07,78.3,15.63,0.0,2.957692,0.3,0.89,0.0,0.89,0.478920706372708,3.932575,0.0,1.18
AL01,Pimiento,2025-09-30,PASS,20.22,72.9,18.98,0.0,3.036355,0.3,0.91,0.0,0.91,0.6423555514989782,2.957692,0.0,0.89
