observed_date,target_net_irrigation_need_mm,prediction_persistence_mm,absolute_error_persistence_mm,prediction_ridge_mm,absolute_error_ridge_mm,prediction_random_forest_mm,absolute_error_random_forest_mm
2025-09-08,1.28,0.9,0.38,0.9988366070432657,0.2811633929567343,1.5075068395955897,0.2275068395955897
2025-09-09,1.03,1.28,0.25,1.0673229823572399,0.03732298235723985,1.5383417073204573,0.5083417073204572
2025-09-10,1.28,1.03,0.25,0.9835011769900253,0.29649882300997477,1.5383417073204573,0.25834170732045725
2025-09-11,1.26,1.28,0.020000000000000018,1.0643635729638872,0.19563642703611284,1.6788156213693715,0.41881562136937145
2025-09-12,1.28,1.26,0.020000000000000018,1.0378497607813433,0.24215023921865675,1.704915747432392,0.4249157474323919
2025-09-13,1.35,1.28,0.07000000000000006,1.061611868219332,0.288388131780668,1.7176532907224353,0.36765329072243524
2025-09-14,1.16,1.35,0.19000000000000017,1.078829434976714,0.0811705650232859,1.7151212272303715,0.5551212272303716
2025-09-15,1.15,1.16,0.010000000000000009,1.0283100507352838,0.1216899492647161,1.7191466240557687,0.5691466240557688
2025-09-16,1.04,1.15,0.10999999999999988,0.9991109001788798,0.04088909982112021,1.7191466240557687,0.6791466240557686
2025-09-17,1.16,1.04,0.11999999999999988,0.9229770170884399,0.23702298291156,1.7191466240557687,0.5591466240557688
2025-09-18,1.21,1.16,0.050000000000000044,0.9156609395675677,0.2943390604324323,1.7191466240557687,0.5091466240557687
2025-09-19,1.25,1.21,0.040000000000000036,0.8822377083088977,0.3677622916911023,1.7191466240557687,0.4691466240557687
2025-09-20,1.07,1.25,0.17999999999999994,0.8615021512446859,0.20849784875531419,1.7191466240557687,0.6491466240557686
2025-09-21,1.09,1.07,0.020000000000000018,0.7797566502753521,0.31024334972464795,1.7191466240557687,0.6291466240557686
2025-09-22,1.19,1.09,0.09999999999999987,0.7468907333723465,0.4431092666276535,1.7191466240557687,0.5291466240557687
2025-09-23,1.07,1.19,0.11999999999999988,0.7267194599795612,0.34328054002043884,1.7191466240557687,0.6491466240557686
2025-09-24,1.17,1.07,0.09999999999999987,0.6522278702242916,0.5177721297757083,1.7191466240557687,0.5491466240557688
2025-09-25,0.98,1.17,0.18999999999999995,0.6427598501658727,0.3372401498341273,1.7191466240557687,0.7391466240557687
2025-09-26,0.97,0.98,0.010000000000000009,0.5485167564312459,0.4214832435687541,1.7191466240557687,0.7491466240557687
2025-09-27,1.01,0.97,0.040000000000000036,0.517174461475904,0.49282553852409605,1.7191466240557687,0.7091466240557687
2025-09-28,1.18,1.01,0.16999999999999993,0.4814033831004161,0.6985966168995839,1.7191466240557687,0.5391466240557687
2025-09-29,0.89,1.18,0.2899999999999999,0.47958230695364534,0.41041769304635467,1.7191466240557687,0.8291466240557687
2025-09-30,0.91,0.89,0.020000000000000018,0.3668056534301063,0.5431943465698937,1.7191466240557687,0.8091466240557686
